y_test,y_Hat
530.1498,466.4712518147052
502.0568,340.86269877328994
500.5227,301.3741869465756
516.8666,56.74720322064944
368.7546,41.479175246575124
368.7546,41.479175246575124
4531.0194,7507.305576637701
5287.6637,7529.163696430932
5396.2159,7642.457348162285
5332.1605,7130.426979032505
6492.872,9320.877191905478
6492.872,10921.723652416367
4134.9367,4037.223732421943
4171.795,3820.4736969248916
4022.1502,4001.821666082446
3337.2525,4077.7136605260803
3690.6279,4352.767970473925
3690.6279,3747.0127210986734
2283.2142,1703.5642202417662
2487.501,1595.470451382594
2142.2388,1546.5768924930605
1603.9935,2279.1818317652665
1953.5338,1381.320990852325
1953.5338,1875.5258663876411
14613.0418,8809.932029512225
11795.1594,8562.935979627691
9963.6725,8562.935979627691
8496.4241,9989.165072699714
10636.1202,14559.653326746304
10636.1202,10974.380346466452
4041.995,7451.31088661905
4391.9237,6758.536895644245
4828.5052,6343.490468238454
4505.8674,8850.907605729035
4966.5135,8870.591006662993
4966.5135,9110.990607936592
53936.1403,54178.767498864356
57207.8715,56386.16565626364
54941.4342,55907.35836629086
51720.3708,58616.60268899068
60443.1092,62699.29678722359
60443.1092,63218.03434527831
47429.1585,50348.85654523083
51466.5566,50252.7045989134
50070.4033,50404.34099130421
48809.2269,50176.37837652127
53637.7057,52346.740915946655
53637.7057,46023.134087703336
4147.0897,5466.286980233367
4739.8417,5262.187816687254
4805.7537,7407.357920451444
4229.9106,5072.393405980829
5387.998,7680.980793476869
5387.998,4588.954747512054
24349.9099,25609.449130297173
25415.8466,24025.818734907363
25869.1129,25661.519651386912
23501.9195,19401.93564199029
26562.9691,26796.541236655597
26562.9691,21374.658577903545
1815.6094,1444.8936830578205
1963.4119,1440.8248557313213
2122.0789,1440.8248557313213
2233.3055,1440.8248557313213
2457.9249,1496.8520111922307
2457.9249,1455.7611660797966
17843.1979,6822.544922760779
18224.8906,12073.23661112916
19002.9624,12654.373867629538
16643.8066,8026.46858952043
17225.4623,8088.20555030716
17225.4623,17465.946543333852
5785.6707,7494.472881942356
6360.0625,8845.458891577131
6837.7178,6611.087168294537
6542.7975,9245.70511451476
7302.2578,7472.033213376208
7302.2578,9609.569587701297
44198.4824,45738.12606693415
47544.9811,46215.07366045748
46638.6813,46483.14729398687
45517.7949,47380.25659389186
51247.0144,48606.8644119415
51247.0144,40573.10769392893
6100.9947,6913.084034305816
6059.1626,6873.4149922576335
6210.5655,6507.888172925249
5266.8762,5242.354167047348
6228.2673,6840.230623935606
6228.2673,6823.117698577374
1095.2745,1264.673220366901
1194.4382,1353.450544686211
1170.9655,1148.195881206426
1237.9493,945.949739675919
1319.155,1295.216730493775
1319.155,1427.711016727734
3240.7048,2270.3271976389806
3210.7063,2092.585255252537
3303.9642,5214.111227237483
3009.9242,3987.245488154305
3266.3649,4114.087788878155
3266.3649,12738.713024979501
3280.0082,3828.143823212286
3471.007,4558.083943945673
3472.3808,4457.637968958716
3068.8126,5435.503765993716
3345.1966,4743.806097935214
3345.1966,3857.9802024352834
5255.8071,5876.518610034527
5936.1015,6934.942638444986
6011.3707,6531.0857192821295
6012.0628,8350.883902138785
7143.3105,12761.197604706233
7143.3105,10697.337627768808
6705.3519,8116.310355705399
6947.8008,8116.310355705399
6679.1677,6954.14993701801
5863.2032,5467.957000375106
6805.2213,3268.8752323749572
6805.2213,5363.482339781181
9896.6848,9310.217606825863
9121.0834,8598.544821878862
8845.2591,8561.683614258514
6794.4892,8934.850826698226
7507.161,8732.233758016317
7507.161,8780.104479946804
28186.803,21699.299582145843
31241.454,17551.35020426697
30748.7375,17586.64365779027
27179.412,17816.17888123647
31449.0766,18377.79007321659
31449.0766,24733.419661271684
8366.2932,10496.248844066224
9446.7171,9357.577098899674
9879.3343,7145.317884816263
10129.813,8899.772898729585
12221.4966,9734.752213933454
12221.4966,9585.577922848406
711.1846,772.6703111206704
779.2027,772.6703111206704
772.1669,852.0635776151747
833.2443,865.0346054054979
893.0772,1020.6981081953804
893.0772,1510.4570338753863
243.1358,259.78817891748645
231.4465,365.5086899753161
216.973,211.54037996565083
216.8267,177.29779413952153
221.4777,193.8540559344348
221.4777,207.08250475281596
1400.8993,3895.7862826982077
1533.316,4096.174323744309
1671.3854,2287.9997340953337
1577.9117,2530.471989123115
1625.235,2875.7742267823983
1625.235,2921.2438377070794
1479.8623,863.272054313312
1594.06,824.0133897837032
1538.6879,690.590597451874
1539.1306,687.3823833595144
1666.9327,935.2285747407778
1666.9327,973.6270186141925
45129.4293,48048.05093806002
46548.6384,48113.96351805085
46328.6718,49691.79547860127
43258.2639,49510.9080582304
51987.9391,56348.397730988014
51987.9391,47364.874789480054
3132.6218,2874.8334416192315
3442.742,3388.07469371135
3434.5627,3727.2622387463502
2924.1018,3399.0517662656075
3293.2331,3588.512432612257
3293.2331,3753.217935068869
414.7403,1536.272958553154
435.9323,1756.6953169013007
426.4088,1777.3204060227129
435.4693,1562.2083666803653
461.1375,1777.3204060227129
461.1375,1874.8645204925951
662.8975,519.960731050124
720.265,518.0676235951171
701.6212,422.5186238828854
643.7722,851.739048209331
685.6903,901.9344738552288
685.6903,981.460664918347
15045.5277,8455.399157975748
15795.7085,9311.673189244897
14631.9469,8938.615011997214
13094.4595,16442.131689075235
16265.096,15404.462024602293
16265.096,15253.88298581546
8816.9869,9550.834805424283
9905.342,9114.643288329806
10143.8382,11154.696080782709
10408.6698,9426.550465314187
12556.3331,10317.687872776016
12556.3331,8307.843966497523
6450.3196,8132.3864768143285
6782.0379,7855.667949536613
6438.0602,5876.033812228189
5307.2152,9922.008833494036
6104.1367,6599.039245978891
6104.1367,6069.678232820192
1414.5866,2079.988707448263
1531.338,2075.919880121764
1510.7974,2075.919880121764
1519.5868,1515.0267468884801
1577.471,2109.539375772641
1577.471,2118.275792534214
12118.1334,9734.089528383749
12383.15,10296.880507755057
12669.3411,11809.748813333394
12132.8769,10040.170758040282
12472.4437,8897.409948833043
12472.4437,9712.663465668471
2076.148,3428.57700764071
2275.496,2993.0797997079244
2238.811,3236.303936686799
2288.1195,2752.603908349265
2549.0413,2580.9163466725986
2549.0413,2622.883135176508
13655.8159,17689.847374448567
15244.431,15347.642672002768
15331.8831,15599.988671448573
14198.754,15325.607396548721
17685.3253,19000.281651164838
17685.3253,16598.00589304186
8543.361,6414.413952712319
8831.9072,6194.645412066873
9139.4159,6105.186783816522
9499.5902,5436.663363768621
9499.5902,7340.468316075706
9499.5902,6109.704620148778
26697.1719,32364.07597959731
29418.9355,27876.181687195723
29417.1387,29180.18964532645
28036.1895,31953.648764759593
31551.8164,33403.54769201783
31551.8164,30795.587477368153
20636.2,22023.268670811798
23424.4805,22586.78354556455
23664.8479,22586.78354556455
22992.8794,25595.69993465809
26821.2452,25087.54938018084
26821.2452,26345.22730674376
451.0891,1198.4057761617635
546.2126,576.7057982766204
575.8828,1283.877114177069
524.6667,991.7305042427803
577.2092,515.3450057465353
577.2092,1450.288009205892
57610.0982,59180.4142598718
61591.9289,60665.20813217624
59592.9807,62040.5799762362
60915.4244,59968.512220797165
68007.7567,60323.67127970827
68007.7567,54887.5949834884
2655.7332,1881.6523228116557
2755.8383,1776.0295228017287
2876.0437,1701.9778980389945
2917.9963,1538.214952147789
3150.4367,1263.4280911407384
3150.4367,1846.65220655016
7408.0913,5024.663880890838
7833.195,6323.562301235622
8561.587,8341.856466382274
7003.4699,5780.068853334715
7653.1719,5332.178134721459
7653.1719,8545.73018216485
7513.4913,4531.413886051963
7947.1582,4112.571974480094
8173.338,3652.736054800654
7167.9192,4071.5779663725266
8476.7522,3736.0553764448255
8476.7522,3457.5034266808393
6246.4043,4860.983574901141
6321.3494,4757.2159443514165
6233.2582,4702.002889211115
5645.1993,5071.355460249705
5965.1329,4894.8015678782485
5965.1329,4768.060660001639
2315.8966,2990.770817977981
2407.0865,3444.2986652603963
2869.5766,3309.765530693715
3398.8014,3257.819832710602
3698.835,3966.6503971000425
3698.835,3202.1523284027476
3986.049,3716.6124859874417
4145.8624,3827.5012934805413
4280.2884,3556.8953076432463
3903.3958,3544.463045777632
4551.1847,3187.823425391083
4551.1847,3345.708044318073
8410.3973,11278.485983580467
8719.1862,11871.452238040083
7317.3902,11142.999073116927
6327.599,10700.492036872918
7506.6675,10911.393435742879
7506.6675,9493.385147858538
643.79,794.9238206952145
643.79,794.9238206952145
643.79,739.7356186377822
643.79,794.9238206952145
643.79,1140.9167702142693
643.79,1114.3282816556352
20437.7654,18879.40316780188
23165.8495,37683.65463242855
23424.4847,31718.937782220146
23595.2437,32331.957694758
27943.7012,42900.59098525233
27943.7012,33234.42394210196
3824.0468,4189.8203117901685
4020.2731,2949.7038645993525
3843.3774,3893.800078893289
3372.8956,4178.435432085167
3978.4035,2389.547583638738
3978.4035,2070.7975373993963
755.7518,969.1139818945474
758.2991,969.1139818945474
840.4495,777.8814581570998
918.6526,25.348138199852325
925.0774,84.26396149921497
925.0774,201.85900208781027
5825.1292,4315.507780574349
6073.3364,5500.418903569982
5968.3006,4959.420541788972
4864.117,7712.623757981464
4646.6127,9019.93155526076
4646.6127,11042.423245296974
46412.1365,46348.61736333175
49987.6262,46438.761902515376
48629.8582,49658.8669485008
49170.7522,51342.26047204169
53654.7503,50819.24640019885
53654.7503,45456.07073336915
38781.0495,37047.00015860319
41557.8549,38628.58181476985
40494.8983,38750.35827650338
39055.2829,45685.42300137311
43658.979,50656.8736441015
43658.979,41843.673746199915
6975.6958,6660.577731334827
7694.906,6560.538730012142
7523.8623,6168.349762071388
6680.0827,5893.812437869882
8635.3257,6660.577731334827
8635.3257,6079.248548054082
4357.0009,13960.407196511202
4722.0424,14877.456856710607
4696.1506,12867.86228172226
4255.743,12831.860597562438
5023.2744,15441.477404406176
5023.2744,14821.121548458052
44652.5892,44386.45758066324
47939.2783,46637.50825107518
46793.6868,46348.329144138144
46772.8254,46003.40360033886
51203.5545,46350.310393079104
51203.5545,37808.63803568748
1998.738,1229.097503899701
2180.0416,996.1572426787862
2167.9116,1165.3884418891441
2176.5795,1100.6370170459206
2363.2993,1173.0911390174313
2363.2993,1851.2589506058282
18582.0893,23407.22954197011
19756.9905,21788.866113467182
19144.2844,21703.46039498133
17658.9473,22682.092979267247
20192.5963,25287.584483197308
20192.5963,21110.452779161194
4454.0481,3273.175467737787
4485.7313,4227.181968596941
4647.6933,3915.49722769961
4604.5767,3006.6505409990373
5025.5423,3239.3001395728825
5025.5423,3016.5687230420194
843.4643,859.8641931544925
944.4173,868.6439493417929
1043.8999,836.2108137923937
1073.6593,1117.0564468847028
1189.176,1391.2773964658986
1189.176,1391.2773964658986
718.2458,-228.66460367240128
781.6443,119.55128107139508
730.6114,-123.71904088545153
710.2581,-352.6847700999571
795.1186,-185.20929794812014
795.1186,-180.21919777891037
6220.9786,5279.571384691275
6094.9089,5402.110892952346
6477.2967,5183.3992770146715
6863.0743,5175.098012828019
9998.5443,5613.170358967857
9998.5443,5774.02307631394
1384.0384,2754.702445565305
1494.225,2961.447357871597
1324.844,3421.374634993836
1283.1408,3155.463252743344
1829.593,3495.9990637654155
1829.593,3410.537083868911
2403.3045,2620.4158767875224
2457.6889,2366.272356590067
2519.3702,2816.0466647569974
2354.1196,2927.0171458645887
2771.7175,2581.33059284004
2771.7175,2570.5532691554336
46160.4298,41056.59114781384
48537.5669,40456.278168096294
48356.0635,40107.95273166106
46107.7653,41160.711525849285
49800.5424,41633.58337340044
14621.2396,12344.411418438787
16425.1013,11858.042616475253
16782.9525,11665.360453060415
16120.989,14381.632191630373
18728.1219,14089.762279371213
18728.1219,16483.632499639545
72010.149,54623.4762780251
74461.48,55401.26605679282
68853.7152,57420.76131439116
59200.1779,54904.38530924607
68727.6367,61360.11464160092
68727.6367,57324.496511990415
1957.9688,3232.70690950453
1974.3778,3096.806170950469
2047.2327,3096.806170950469
1910.4215,3103.3716199212
2256.5904,4161.073068503195
2256.5904,1381.4926301687594
3839.7851,5515.075363222949
3902.6617,5400.9244591179095
4151.2275,5398.665683359465
3894.2722,6247.597317340243
4332.7093,6248.385924360733
4332.7093,5213.300111510573
5758.5907,3333.2243452284733
3873.9953,3340.0076280152675
3277.8756,2831.2104910397625
2746.4204,2799.40602857771
4091.2092,2599.6314215728717
4091.2092,2540.71559827351
4725.1936,5536.318098345902
5601.4671,5511.6387136201865
5621.1817,5388.334976696615
4332.3041,4753.369932629794
4775.3775,5091.314983171275
4775.3775,5091.314983171275
69970.9489,56868.64621280139
79250.3879,57124.37682483311
80927.0747,59706.64210169226
85420.1909,58599.40621879333
100172.0793,61546.149715960855
100172.0793,57466.29802263246
41114.7817,28929.175696038405
42406.8454,35759.13850851224
44452.2326,31075.353850100448
44846.7916,37336.43992766443
52170.7119,40134.6657257442
52170.7119,26791.101555455447
32406.7203,36378.3480137481
34622.1697,33656.896793721986
33673.751,36230.99635452381
31911.0358,37051.35211180243
35657.4976,39725.28166847704
35657.4976,37174.61735132358
5273.1507,5964.827066420576
5594.4939,6008.786028723115
5626.1712,5823.2816932851765
4897.2659,5566.791173986175
5183.5813,5966.48761855063
5183.5813,5692.821247089598
38834.0529,39650.619492365106
39727.1166,40881.76921052177
40458.0019,39221.14771752154
39918.1676,39314.53486340832
39312.6604,40662.111722332906
39312.6604,36598.95995509527
4073.1164,8716.485113856425
4146.4073,8181.766425616165
4205.5637,7575.994219538087
4042.7693,9233.868563708473
4103.259,6119.5453771767
4103.259,6035.402073003044
9247.5813,12656.928890562016
9812.6264,13162.632369367999
9812.5958,11033.647327843475
9121.6371,10965.399689440437
10373.7898,12085.739588767305
10373.7898,7815.837935964164
1675.9739,1722.4788878557954
1845.7829,1647.5574300046312
1970.1051,1882.568385313071
1936.4246,1703.8663261875956
2081.7999,1833.2795839941725
2081.7999,1833.3809465073164
1563.5505,4026.1935744547404
1605.0136,4026.1935744547404
1432.179,4827.574777703803
1430.5516,3746.4396094706735
1606.4625,4597.4268772242995
1606.4625,13041.334745057206
4009.381,8336.384792808934
4384.0489,9327.862779729405
4416.1084,9469.610699310027
4310.8112,6705.0390795768435
5269.7839,11134.368066716497
5269.7839,7978.195257697163
29263.0896,30878.20588331397
32007.5235,29391.920158053475
30667.3482,29365.442994245048
24300.3294,27727.68748291246
24300.3294,30707.71708590658
24300.3294,30651.313279256796
1242.7696,1840.9241802057743
1308.1402,2221.0614794166904
1374.0321,2397.7641091712044
1182.5217,2883.5226203854522
1276.7004,2376.2609423160147
1276.7004,1673.8894516295236
2439.4634,1736.9931101289815
2553.3619,3110.4004824500194
2598.5055,3315.3009193424077
2593.3551,2448.9293566635215
2535.6234,4519.26305820378
2535.6234,3558.5973851300664
15695.1152,20231.080343710586
17865.0311,19550.37916809893
17945.2222,17701.578644428246
18207.1396,15354.29399956324
21148.1629,22288.803490935195
21148.1629,23084.120202992155
8679.8974,9025.920324418532
9225.8452,10304.726417150814
8985.5725,8517.93662425734
5599.9575,4979.64526323956
4136.1463,5465.063498367897
4136.1463,5479.763770332663
1062.7125,3046.93655706536
1161.7271,1129.5012288625678
1102.5649,2551.549339927388
989.8472,2352.726662704246
1094.0982,929.1488644134091
1094.0982,2057.2197080403703
706.8927,918.3127238721256
700.037,999.1254813004351
665.8784,888.485121678076
597.5297,903.2323151292618
675.6632,988.9310966650324
675.6632,1093.526265370265
10529.2674,8865.80017337898
11838.0096,7923.519955447277
10542.1493,7985.325165047039
7568.042,8129.3462200272215
6357.1956,8043.107525820823
6357.1956,8043.107525820823
16885.4074,18906.287989630546
19186.3596,18378.46236858292
19595.1416,17509.981376302683
20339.5213,22521.61688480505
23723.3403,37133.174278267004
23723.3403,22495.916110756694
110193.2138,109515.1734936087
116786.5117,115769.06142223727
112621.8213,114032.72087099955
117370.4969,111882.98268927379
133590.147,114268.94461669029
133590.147,104339.24722162732
78985.6421,75286.40198009658
84923.3868,74015.84881988699
83183.1666,71943.31203600444
37646.3162,56587.76705613216
43873.5912,58771.512096549326
503.4981,1258.0865063071087
512.544,1258.0865063071087
512.2797,919.6662379108362
462.4042,866.9288345433512
500.511,1050.118525562335
500.511,803.5665078510343
500.1655,411.71308990661583
537.9322,436.34560866309874
584.3629,360.40540983969817
628.6995,280.5281308752563
634.8357,327.06861655672657
634.8357,327.06861655672657
9979.8008,14543.179888201352
11074.0641,17516.19114779048
11132.0239,17522.014120184398
10160.7832,13121.966494664297
11109.2618,18241.027947300692
11109.2618,16051.933970616587
10062.9831,11629.956088092236
10823.6367,11422.978545477687
11118.5565,13382.354580178595
7282.3585,9324.343090553828
10366.2934,13381.664581991783
10366.2934,15553.90826459218
795.6827,791.4946271993581
856.3565,594.0042399061119
840.1758,548.6891686560916
822.9061,535.0884166067494
873.7949,596.871640491848
873.7949,534.3708723482143
28823.5251,26593.001338958184
31567.9422,21877.587247442087
31198.2414,27643.470492630182
28977.5656,33186.85517799472
33486.672,35828.1397067601
33486.672,28718.477682841723
1634.6436,977.6299621197066
1749.9542,902.7598302046007
1839.9644,836.136172368117
1868.4666,1031.5110119887197
2166.0468,1444.9984932592731
2166.0468,1833.3944285263956
10844.0363,7365.275505513405
11645.982,8633.765492666393
11405.7268,6442.8082606519365
9007.4191,11275.49204199916
9106.2372,10743.372981137607
9106.2372,13627.198800162601
9434.3865,10754.132088145818
9857.0288,10944.634781010329
10145.1702,11447.906384283742
8655.0007,12218.172947545985
10045.6805,12733.940072162553
10045.6805,10727.480487567202
3320.355,3863.616899662461
3623.3293,3938.229411279277
3699.0815,3839.862377771143
3639.4127,1949.1145575439944
3571.3368,2956.2937350336874
3571.3368,10712.060116723542
3509.6473,4053.8412548465653
4232.2069,3403.3503866659908
4493.3703,3761.054925971568
4500.6245,5111.665726394961
5230.6617,4806.836953312605
5230.6617,4039.4574606586084
3708.2482,7877.331587243253
4165.0227,8565.119587467609
4394.9471,9297.847647349308
4041.1742,9687.206773349473
4566.1402,10286.094400356465
4566.1402,8165.68906998906
7803.4111,9905.906578947963
8850.0927,8892.750428817226
8909.6533,8910.094782087075
7677.1522,11299.853549052466
9465.704,11036.410984664053
9465.704,10377.688817656257
3288.5022,6232.511588455947
3492.6733,6984.874704814946
3498.574,4996.690545359796
3258.1213,4871.420119900015
3795.3801,3627.1326984286657
3795.3801,3432.506491291328
462.7001,1021.2434430756014
504.5359,-87.68627272054857
508.1637,863.781404842192
449.9552,550.5061806732466
491.8391,577.7888897867889
491.8391,496.7719316521582
1175.2026,1638.7548259059995
1274.9157,1630.4974214664112
1295.2014,1302.7546226836012
1477.4529,1449.1880937278677
1209.9269,1524.6889651186957
1209.9269,1390.5340136431882
5453.5706,6217.6462873756955
5687.3991,6479.272163539335
5126.1761,6479.272163539335
4251.1728,6479.272163539335
4865.5578,3009.540790656484
4865.5578,3682.100335740827
1027.9655,179.64802761736564
1161.5344,58.57696350899663
1185.6827,89.84747008466934
1139.1903,476.1407854079293
1208.2185,4207.377152926979
1208.2185,4207.377152926979
48675.2223,51273.51366680394
53044.5324,52949.2801608079
52476.2733,53963.15852588473
52162.5701,52390.73376701316
57767.8788,53594.727463232615
57767.8788,48543.32574435835
42924.9956,40663.15869264816
43250.441,40587.828969738395
42865.2336,42706.53923047872
41596.5055,41483.0458818064
48781.0266,42332.647207883674
48781.0266,43578.61308509645
2127.2806,3580.0546358499287
1981.8591,3823.4731386044004
1890.2731,3702.6151482694036
1863.1093,3121.6200301302188
2045.5354,3681.990059147991
2045.5354,3479.8837317385405
514.5433,438.2697998571958
567.3308,189.5664082304571
550.9636,443.2849380704259
564.822,188.154173485736
590.6295,189.46546559671776
590.6295,264.70459377286267
1941.8795,2032.9123773511878
2125.8343,2163.2466182175626
2204.1816,1990.265612992824
2074.6139,1970.5630729277104
2065.7491,1939.5671768389998
2065.7491,2004.6832253307268
690.0,1390.5817388898304
692.0,2324.1551320779536
643.0,2324.1551320779536
621.0,746.9594447428624
654.0,6169.282166976882
666.0,919.5712159577087
5450.4929,10282.415349730862
6108.7401,10067.394193370625
6070.3881,10137.90388508781
5965.4502,8936.766429482626
6694.6411,10896.914008270878
6694.6411,9918.853567211754
75496.7541,78934.5992938671
82267.8093,83445.52257916001
75719.7529,74421.70484535275
67329.6778,80271.22335516206
89154.2761,89174.32519238107
89154.2761,90442.3417866345
17802.5751,19228.311600503897
19887.5743,23538.034182748263
19132.1523,27630.0192391548
16707.623,22159.64634586119
19509.4665,22198.969089049624
19509.4665,20842.130570880214
1567.641,801.7659339784449
1620.7429,784.4231613231076
1437.1659,969.6416372059241
1322.315,955.7858515528914
1505.0102,757.8792816140708
1505.0102,602.6586421432111
15185.9725,9936.69800281357
15588.3373,9811.158521677724
15826.0824,10421.82409625441
12569.1715,10259.78560249013
14617.6045,9645.199221249673
14617.6045,9254.627019909922
2495.1314,3319.5778042664447
2584.2988,3471.8925244125185
2593.8047,4041.0239185726214
2446.0663,4032.9351787356004
2672.9458,3860.96678424124
2672.9458,3706.186743644321
6136.0583,6771.980593562967
6242.9615,5817.317565602305
5807.8388,6537.49240526082
5353.3481,4884.190962645597
5891.5,6785.179742097669
5891.5,4844.838196419643
6676.2842,7895.269038123465
6912.1103,7895.269038123465
6955.81,6913.69922242689
6056.3439,6364.2326831871
6621.5743,7884.885621872079
6621.5743,6865.2121483849705
3077.4356,4760.765611226069
3194.6745,4759.712473957915
3413.8479,4842.16418782532
3224.4226,6382.094611345396
3460.531,5561.565215033272
3460.531,5471.4016523004975
13815.6218,15824.740244263736
15504.5805,13853.938770726536
15699.9114,12928.81154126738
15816.9894,17812.444149272076
17999.9099,18891.319322488365
17999.9099,15493.733835400413
21490.4299,24043.055620296273
23562.5545,23338.16964159311
23330.8173,24145.78836919315
22242.4064,24970.848680704814
24567.5093,28495.571404742117
24567.5093,29440.5122045891
59407.698,60900.80161545734
66264.0812,85860.54603969124
62637.2751,87707.62067960051
52315.6601,66081.06187774509
66838.3574,67319.50906848174
66838.3574,70208.07211868347
2088.5001,2196.0306615624854
2512.384,1305.1178809883081
2288.8081,944.4778436469845
1838.4481,867.9274233598577
2290.3829,2275.6445521157398
2290.3829,2299.9825411214247
10727.9497,10419.75254476517
12494.4775,9188.988848838237
12958.0756,8222.18448031085
13047.4321,14573.436036392988
14858.2294,12490.24120125898
14858.2294,10780.555924476359
10720.333,11855.016705004036
11287.3604,13568.015954872139
11536.251,13914.678026626616
10169.0869,15864.088889656441
12194.7773,14279.694896355395
12194.7773,11544.891115225482
756.5476,1448.592943189655
769.4373,4867.657025887663
806.88,5152.169179548499
774.6893,6320.27203762488
822.348,1881.3252780943324
822.348,3739.063472324287
11270.4716,5335.65013374966
11563.8375,6875.015104059256
11726.7698,6193.601146421468
8458.1628,4462.6333853371525
9414.2262,5297.145745093168
9414.2262,7819.079033211602
8030.5851,3812.1248922031796
8399.694,6008.120029173498
8674.371,4680.686768758046
8335.2565,2994.9103888423033
8666.387,3481.951031560558
8666.387,7560.608995550904
4261.6538,3710.2707198160374
4188.9885,3945.470452582146
4308.2728,4951.40464144883
4042.7512,4499.86592056833
3857.3185,5481.249968157159
3857.3185,12301.64606969687
1805.5247,2019.0409552395142
1950.6294,1942.7749832048141
1991.7383,1969.9765464689565
2161.3102,2233.1589769965954
2360.5436,2309.709397283721
2360.5436,3192.029871902871
20138.1463,24149.448068702663
23318.7382,26361.916640010404
22430.2382,24976.35851674988
19539.5658,22737.86436978519
23185.8708,24763.37746895518
23185.8708,23463.659708510848
1385.1993,1392.677094742967
1484.2397,1340.4639606139663
1462.3543,896.5148563193756
1490.2031,727.7120345127522
1636.8932,1773.6212480932554
1636.8932,1773.6212480932554
6292.5436,8656.398178696936
7252.4019,9897.487134928471
7417.2036,8970.64973342584
7733.8029,10758.679358080879
9230.1783,15196.193167715328
9230.1783,11383.111478420218
16416.7762,16009.056679360494
16910.6882,15770.025345473561
17253.5057,14391.374225585007
12808.9875,18056.78481299285
14653.3094,13464.341444676817
14653.3094,14929.891864296487
484.4464,137.50838279408023
519.65,334.33028847040066
506.6069,434.77626345735723
493.4788,409.9100018704313
480.0392,479.9360776159417
480.0392,505.43372534226324
61150.7272,57500.52737183041
66859.3383,55769.81322204441
65831.1894,58969.40411127615
60729.4503,59553.79329714758
72794.003,60570.628153778955
72794.003,59508.5384260536
17585.197,13983.479508912453
19486.3937,13860.713801311576
19383.481,12338.190347258966
19545.7428,16096.322973893353
21391.9253,16005.711961553932
21391.9253,17050.962895536355
23514.0255,25760.601087737563
26123.7471,26604.92474997332
26016.0787,26451.726230994853
25545.241,27654.27195545846
29291.4006,31645.986916896985
29291.4006,30541.244548043665
2283.5762,5362.407936736267
2450.4844,3609.22010284805
2398.7728,2527.3836452639616
2222.4656,2603.105283776767
2304.8446,4475.721590389281
2304.8446,5843.780497253731
6734.4752,6671.205325774959
7048.5222,5150.016378333219
6688.7873,4578.808945048924
5741.6431,5516.519031587508
7055.0448,5140.657907458371
7055.0448,4663.249788215877
31616.8434,30149.16898758288
33436.9231,28813.888127515518
31902.4169,30314.54632857225
31721.2989,31966.88404880536
34997.7816,29857.892607467125
34997.7816,24344.878429156597
28185.3214,28746.350163134986
30379.7211,30003.570115619143
29581.5186,29922.539419955723
26959.6754,31698.842761315205
30103.5137,31922.894028019942
30103.5137,33296.55899333665
4401.0561,3852.150173826936
4360.5836,3862.9274975115427
4082.6946,3842.30240839013
3893.8415,3811.974187976
4013.6877,4764.011845058267
4013.6877,3724.5081107335577
3188.75,2590.6296599842694
769.8691,2763.891269044723
748.0109,2737.761592975054
608.3325,2242.4963414838467
751.8214,1606.4542329561857
751.8214,1569.3850147125497
6112.8512,7333.229446087355
6730.8469,7115.116387154875
6690.0448,5901.021964457376
4796.5333,6540.515128998259
4869.1342,6379.148489971998
4869.1342,5752.285514276074
53791.5087,53777.289080061964
54589.0604,56344.77327483774
51939.4297,55335.1040985516
52837.904,55070.4328574335
61028.7381,57150.03016525453
61028.7381,51277.13360759204
82254.3769,81131.64648068116
85217.3692,86836.27199565657
84121.931,80544.22479094533
85656.3227,79787.22742356172
91991.6005,82616.71897181965
91991.6005,83657.8962855576
862.3191,3503.2089960200788
1104.3924,6433.072585860881
1116.6792,6244.270112769867
533.3852,5699.787577890875
533.3852,6341.144364008985
533.3852,6341.144364008985
844.3694,2119.524961237584
850.6685,2576.6509235108047
889.0203,1887.0734752140493
852.3337,8.639626045279918
897.0475,1224.4362684659545
897.0475,1542.31041363989
976.2122,487.71029909368195
1010.9376,1158.2278045972846
1052.0217,1365.4913492596181
1042.0967,2134.903617987746
1099.2876,2938.294374425857
1099.2876,3013.644058421232
6436.7917,7476.716976837284
7124.5645,7921.1267084799865
7630.0396,8257.796974226183
6990.9355,9689.588584194824
7066.1905,8816.66864579793
7066.1905,4313.929374769599
30969.8762,15636.605324006114
31738.2672,18865.812932677996
32610.485,16777.910391682686
23862.711,16261.810885601188
27478.3896,17307.6257445847
27478.3896,25187.357173667315
632.0011,1614.5326085203258
683.3244,1614.5326085203258
722.8748,1987.1752578209207
704.0299,1796.0999197809726
772.1524,1785.3225960963662
772.1524,1841.3497515572756
1283.5259,2257.1523454938692
1239.3661,2639.163059024235
1584.2638,2660.8370447318844
1660.3083,3143.343737946364
2741.3939,2026.5192374288022
2741.3939,3526.5285515574856
814.4199,952.0704557238993
883.8678,506.7399855313898
875.9327,774.0923238818492
897.1946,734.6038120551349
973.2061,886.1015361859796
973.2061,793.5196353544974
4367.302,8994.422725830247
4649.5794,6601.6601268946815
4879.0173,5366.852928694784
4606.0646,7931.839858569394
4426.0006,8566.466745386959
4426.0006,6110.52266966844
16094.6668,12792.248220343026
16164.1613,11434.959972841389
15690.9631,11272.260140579696
13871.7982,11758.940084344656
16032.5028,12949.399028039243
16032.5028,12448.817461311319
3569.7557,2821.430589031989
3577.1244,5299.734241165795
3477.8838,2810.6532653473823
3497.6814,2821.430589031989
3807.1392,3005.861516948673
3807.1392,3840.225305166239
10464.1014,8513.862406077575
9400.7782,9726.929379459212
9103.0434,9400.729389208278
8561.0709,7343.695833726441
9661.236,6693.786530194059
9661.236,5321.94381973124
6354.5328,6174.401618674153
6721.3495,6260.349656137545
7344.6482,6334.957917384314
7344.6482,6102.870844867457
7344.6482,4767.655903381399
7344.6482,4200.486648720088
766.1776,1072.8298855387852
793.1281,956.3019129313736
823.139,463.3394189546123
846.7672,377.53408680838714
883.892,497.1887619025946
883.892,498.022328114592
2638.3262,4237.923856453107
3096.5618,4260.956384494316
3661.4563,3008.334481215635
3751.7407,5099.708346817635
4835.5718,7504.012853227148
4835.5718,5658.826609900424
43063.9675,57376.69748829122
46722.2687,56809.132569376285
45376.1708,56051.46765233375
37629.1742,50097.91120409411
44315.5542,51533.92452299908
44315.5542,56511.659119180316
40621.3345,43973.50003543838
43306.3083,44417.58344712216
42747.0805,44012.91269359941
40318.5576,44325.47869395353
46510.2828,45628.901426905126
46510.2828,45927.01964522279
59907.7543,54529.401545966444
62823.3094,54476.72662154258
65120.3947,53805.6473064262
63530.6335,52558.22267628796
70248.629,53010.5898418515
70248.629,46262.8607896328
18769.7875,14211.802895440202
18825.2838,19575.226524195696
17859.9315,10231.943643840672
15619.5427,16764.589857729094
17313.1883,17115.356105761817
17313.1883,18307.153390590145
1916.7646,3072.6954923454837
1597.0683,3272.1701956278794
1784.0098,3597.0264552371423
1749.6558,2410.7979552456272
1983.0647,2979.143248030141
1983.0647,2226.8535709556886
3032.198,15440.627105049409
3076.8353,20357.957682845397
3076.5899,11197.095263242987
2877.5202,5466.545507292741
2996.6211,6509.454226438961
2996.6211,8038.28286991736
15975.7294,13368.055557784204
15975.7294,12786.477891075012
15975.7294,12407.078693477311
15975.7294,10176.629122981469
15975.7294,11438.379779966528
15975.7294,12044.47437581465
2992.0717,4951.216613620517
3267.225,4203.984762116801
3491.0913,5793.749590653451
3586.3473,5143.268881818999
3756.4891,6585.865046805546
3756.4891,5954.634965546228
893.7166,829.1968499447656
701.7149,1611.6751989845293
701.7149,585.0702539798226
701.7149,1107.7808845074444
701.7149,1399.509682405461
701.7149,3227.0415010972315
1495.7521,2279.945852019557
1475.2045,1805.8720631270924
1268.1209,1632.421401920638
956.8314,1324.3850734694213
1137.3436,636.0133222004204
1137.3436,354.6654336332974
1192.107,820.1591293352059
2269.177,1368.5076194261983
1421.8686,756.193637741397
1372.6967,1157.5596716052064
1773.9204,1273.2708288752792
1773.9204,1374.5425645870923
